肯定是抑郁了😅  	肯定是抑郁了😅
肯定是抑郁了😅  	看到了校长跟某个女老师叠罗汉？
肯定是抑郁了😅  	该学生患有抑郁症，学校老师和领导长期疏导未见效果，
肯定是抑郁了😅  	反正我不敢，大老爷们一句话就能让我家破人亡，我能怎么样呢
肯定是抑郁了😅  	又是成都？上分这块儿真让他们整明白了😅
肯定是抑郁了😅  	少看负能量，坐等团团反转就行了
肯定是抑郁了😅  	你脚下的这片热土拥有世界第一公路里程13.1万公里拥有世界第一高铁里程2.2万公里拥有世界第一光缆里程3041万公里拥有世界第一移动支付金额208万亿拥有世界第一的人才资源1.75亿人拥有世界第一发明申请量＞100万拥有世界第一年均脱贫量1391万人拥有世界第二科研费用1.57万亿拥有世界第一的架桥技术拥有世界第一的巨型水电站建设技术拥有世界第一的高原铁路建设技术拥有世界第一的量子通讯技术拥有世界第一的高铁及动车建造技术拥有世界第一的特高压输电技术拥有世界第一的激光技术拥有世界第一的超级计算机技术拥有世界第一的陶瓷生产技术世界前10斜拉桥中国占7座世界10个超大港口中国占7个世界前10悬索桥中国占6个GDP超过万亿的城市中国占12个中国目前城镇化已达到57.35％这就是你的祖国，这就是你的家有五星红旗飘扬的地方，就是家的地方那个曾经被视为落后腐朽代名词的中国早已不复返那个曾被视为东亚病夫的中国早已一去不复返那个曾被西方各国随意欺辱的中国早已一去不复返那个曾被各国垄断技术的中国早已一去不复返那个十万青年热血砌出来的钢铁中华将长久傲立于东方中国在国际上面对非难的从容不迫彰显出了大国实力和魄力她正以稳健的步伐迈向一个崭新而辉煌的时代我们爱国人身后都一面红旗，她的名字叫中国🇨🇳
肯定是抑郁了😅  	快进到欠下高额网贷
肯定是抑郁了😅  	屈原都抑郁了，一个学生能怎样？
肯定是抑郁了😅  	你脚下的这片热土拥有世界第一公路里程13.1万公里拥有世界第一高铁里程2.2万公里拥有世界第一光缆里程3041万公里拥有世界第一移动支付金额208万亿拥有世界第一的人才资源1.75亿人拥有世界第一发明申请量＞100万拥有世界第一年均脱贫量1391万人拥有世界第二科研费用1.57万亿拥有世界第一的架桥技术拥有世界第一的巨型水电站建设技术拥有世界第一的高原铁路建设技术拥有世界第一的量子通讯技术拥有世界第一的高铁及动车建造技术拥有世界第一的特高压输电技术拥有世界第一的激光技术拥有世界第一的超级计算机技术拥有世界第一的陶瓷生产技术世界前10斜拉桥中国占7座世界10个超大港口中国占7个世界前10悬索桥中国占6个GDP超过万亿的城市中国占12个中国目前城镇化已达到57.35％这就是你的祖国，这就是你的家有五星红旗飘扬的地方，就是家的地方那个曾经被视为落后腐朽代名词的中国早已不复返那个曾被视为东亚病夫的中国早已一去不复返那个曾被西方各国随意欺辱的中国早已一去不复返那个曾被各国垄断技术的中国早已一去不复返那个十万青年热血砌出来的钢铁中华将长久傲立于东方中国在国际上面对非难的从容不迫彰显出了大国实力和魄力她正以稳健的步伐迈向一个崭新而辉煌的时代我们爱国人身后都一面红旗，她的名字叫中国🇨🇳
黑子们，可以闭嘴了  	来个懂哥
黑子们，可以闭嘴了  	编了一个月，就这？
黑子们，可以闭嘴了  	确实，和十年前比，属实赢了
黑子们，可以闭嘴了  	“开启精选评论”
黑子们，可以闭嘴了  	😅
黑子们，可以闭嘴了  	敢公布汉和少的比例吗？你说你苟吗个抽比呢
黑子们，可以闭嘴了  	太好了，我不用生了
黑子们，可以闭嘴了  	太好了，不生二胎，不给国家添负担
黑子们，可以闭嘴了  	真中真了属于是
黑子们，可以闭嘴了  	哈哈哈哈哈哈哈哈
黑子们，可以闭嘴了  	哈哈哈哈哈
黑子们，可以闭嘴了  	哈哈哈哈哈
黑子们，可以闭嘴了  	为什么不是114514人
啊这 真的假的啊  	真的假的啊
啊这 真的假的啊  	关键时刻永远出问题的监控吗
啊这 真的假的啊  	什么都能干出来，除了背书，他们一无是处
啊这 真的假的啊  	可以随便说就是假消息，啥都不让说还封😷…十有八九里面有料
啊这 真的假的啊  	遮遮掩掩一律默认为真
啊这 真的假的啊  	楼道坠落，注意是楼道，母亲节那天5点40去上学，9点被通知人没了，看这学校的态度多半还不是第一时间通知，就这几小时时间发生了什么
啊这 真的假的啊  	第一天了解毒🥦吗
啊这 真的假的啊  	吞楼吞的好厉害
啊这 真的假的啊  	反转了，境外势力
啊这 真的假的啊  	小🐷，捉
啊这 真的假的啊  	事出反常必有妖
啊这 真的假的啊  	感觉不太真。还是持续关注吧
没人关注马恩牌？  	给个地址，我要去冲死这群臭老九
没人关注马恩牌？  	带路去了
没人关注马恩牌？  	这个余亮不是第一次洗陈平了，还喜欢碰瓷李大钊，真是要吐了
没人关注马恩牌？  	李大钊不就是标准的供职吗
没人关注马恩牌？  	部分话说的还挺好，大部分cjb
没人关注马恩牌？  	打了个锤子
没人关注马恩牌？  	这人控评有一手，而且观点大部分都是歪屁股，和他辩论他不理你，直接删评论。
没人关注马恩牌？  	社和资谁最怕马恩啊？😅
没人关注马恩牌？  	这人之前说抑郁都是西方人编的谎言，年轻人天天抱怨都是虚假的，他自称“工业党”，换而言之就是工人为工业服务，做螺丝钉
没人关注马恩牌？  	马恩是旧社会的毒瘤是吧😅
没人关注马恩牌？  	快点打出来，一把王炸手工
没人关注马恩牌？  	我头像😅
这立场怎么看  	起义了
这立场怎么看  	没人吗？
这立场怎么看  	打的好，早该图图了
这立场怎么看  	我只能说龙云和李宗仁也比蒋介石有希望
这立场怎么看  	民心散了，军心也会动摇。
这立场怎么看  	万岁军老大拒绝进鹅城缴麻匪
这立场怎么看  	这人屁股歪了，狗罕见一个
这立场怎么看  	两边都是亲美武装，经典中东自由地区小故事
这立场怎么看  	这枪口抬高不止1cm了，直接转了180度
这立场怎么看  	速度毁灭
这立场怎么看  	删评论？这种人不让骂？
这立场怎么看  	狗罕见
这立场怎么看  	下辈子投胎到种花家继续当pilot
这立场怎么看  	军队也是人，也有人心
什么级别？  	什么级别？
什么级别？  	没有和高低贵贱早乱套了
什么级别？  	😅
什么级别？  	蚌埠住了😅你让他发个家庭住址试试
什么级别？  	😅😅😅什么贵族？
什么级别？  	憨憨，打赏6666我可能勉强能信
什么级别？  	…刹帝利？
什么级别？  	30😅😅😅
什么级别？  	沙口罢了
什么级别？  	王思聪舅舅的级别
什么级别？  	来，蒸发我试试
什么级别？  	牛啊，老北京是吧
什么级别？  	这位怕是住在znh的人物😅
什么级别？  	什么社会蒸蒸日上，人民安居乐业？
什么级别？  	蒸发我试试？
难道我们现在指望的是生育率很高，老龄化压力一点都没有？一催年  	难道我们现在指望的是生育率很高，老龄化压力一点都没有？一催年轻人他们就结婚，还生两个？不会吧？！对，正因为有一定的难度，所以你够他的时候，痛苦与此有关，幸福也与此有关
对鼠鼠们的提问  	我好奇一个事儿，如果差距加大，你们吃不上饭了的话，还会不会继续躺平阴阳怪气呢🤔
对鼠鼠们的提问  	饭都吃不上该干什么不用我多说了吧
对鼠鼠们的提问  	哈哈，钓鱼
对鼠鼠们的提问  	还不是你不努力
对鼠鼠们的提问  	别的倒不至于这么严重，吃不起饭那只有一条路了
对鼠鼠们的提问  	当你吃不饱的时候，你什么都能干出来，具体干什么我不说
对鼠鼠们的提问  	都吃不上饭了，那时候该吃什么就不用说了吧……
对鼠鼠们的提问  	你发这个什么目的
对鼠鼠们的提问  	我是说，躺平吃不上，工地搬砖照常发，你们还会不会觉得人生没有意义
对鼠鼠们的提问  	突刺！
对鼠鼠们的提问  	re
对鼠鼠们的提问  	当然是挺进破坏者
对鼠鼠们的提问  	两个都不带造🍚的，地里拔点草根当小菜，吃完躺地上就睡，美滋滋
对鼠鼠们的提问  	今亡亦死，举大计亦死
对鼠鼠们的提问  	现在网络这么发达，吃不上饭？你以为还像60年前？
离谱，我是六娃  	视频来自：百度贴吧
怎么回事呢  	今年普利策奖发给拍这张照片的吧😅
一声长叹  	有学历的都这样……怎么回事啊！
一声长叹  	自顶
一声长叹  	心塞
一声长叹  	难过
一声长叹  	光芒何时照向地面
一声长叹  	写满了2个字：哪两个字
一声长叹  	有人说看到这样的事，说我不管自己的事。但是如果都没反应那就不会有反应了。
一声长叹  	好无力呀
一声长叹  	但是我也觉得这样太过了啊啊啊啊……
一声长叹  	微薄上能看到这事
一声长叹  	听说明天公布7普？
一声长叹  	也只能叹息了
一声长叹  	啊这
一声长叹  	早就赢嘛了
一声长叹  	又赢了✌️
我发表了一篇图片贴，大伙来看看吧~  	下面那俩🐶都不要
我发表了一篇图片贴，大伙来看看吧~  	下边那俩擦屁股都嫌糙
我发表了一篇图片贴，大伙来看看吧~  	润了？
这波怎么说  	这波怎么说
这波怎么说  	挺正常的一个工地事故吧
求真求实，至善至美  	能活几分钟
求真求实，至善至美  	被吞
大家谁还有这种图，尽管发出来分享一下  	活该
大家谁还有这种图，尽管发出来分享一下  	支持
大家谁还有这种图，尽管发出来分享一下  	没有进社会磨砺一番，学生是最没用资格指导他人的
大家谁还有这种图，尽管发出来分享一下  	问题是我也没看到这无休止的劳动给普通劳动者带来什么未来。
大家谁还有这种图，尽管发出来分享一下  	我要看丁真😭我要看丁真😭我要看丁真😭我要看丁真😭我要看丁真😭我要看丁真😭我要看丁真😭
大家谁还有这种图，尽管发出来分享一下  	把学生微小的优势放大到不可追赶
大家谁还有这种图，尽管发出来分享一下  	发了立马被删了
大家谁还有这种图，尽管发出来分享一下  	哈哈，这是兔的杂
大家谁还有这种图，尽管发出来分享一下  	哈哈哈哈太淦了
大家谁还有这种图，尽管发出来分享一下  	你脚下的这片热土拥有世界第一公路里程13.1万公里拥有世界第一高铁里程2.2万公里拥有世界第一光缆里程3041万公里拥有世界第一移动支付金额208万亿拥有世界第一的人才资源1.75亿人拥有世界第一发明申请量＞100万拥有世界第一年均脱贫量1391万人拥有世界第二科研费用1.57万亿拥有世界第一的架桥技术拥有世界第一的巨型水电站建设技术拥有世界第一的高原铁路建设技术拥有世界第一的量子通讯技术拥有世界第一的高铁及动车建造技术拥有世界第一的特高压输电技术拥有世界第一的激光技术拥有世界第一的超级计算机技术拥有世界第一的陶瓷生产技术世界前10斜拉桥中国占7座世界10个超大港口中国占7个世界前10悬索桥中国占6个GDP超过万亿的城市中国占12个中国目前城镇化已达到57.35％这就是你的祖国，这就是你的家有五星红旗飘扬的地方，就是家的地方那个曾经被视为落后腐朽代名词的中国早已不复返那个曾被视为东亚病夫的中国早已一去不复返那个曾被西方各国随意欺辱的中国早已一去不复返那个曾被各国垄断技术的中国早已一去不复返那个十万青年热血砌出来的钢铁中华将长久傲立于东方中国在国际上面对非难的从容不迫彰显出了大国实力和魄力她正以稳健的步伐迈向一个崭新而辉煌的时代我们爱国人身后都一面红旗，她的名字叫中国🇨🇳
不懂就问，左上角是那个名族？  	印度妹妹跟凯尔特红毛都有
蚌埠住啦  	这波很难蚌住
还有人记得这事吗  	还有人记得这事吗
还有人记得这事吗  	记得是记得，但不是已经“确诊”精神病还是抑郁症了吗，记得又能怎么样呢
每个人都有什么的权利.JPG  	从根源上解决问题了属于事
鼠人们  祝我早日实现财富自由吧  	就看明天早上涨不涨了
鼠人们  祝我早日实现财富自由吧  	人呢
鼠人们  祝我早日实现财富自由吧  	昨天11点半开了个50X合约做多狗狗币，分分钟被教育
鼠人们  祝我早日实现财富自由吧  	赚了1w美滋滋
目前战绩 什么水平  	艾呀，梅事的，疣什么啊
目前战绩 什么水平  	那种比较爽
目前战绩 什么水平  	兄啊，不怕中招？
目前战绩 什么水平  	什么烂裤裆
目前战绩 什么水平  	随便打个字就是真的了是吧😅图呢？
目前战绩 什么水平  	1个艾梓
目前战绩 什么水平  	我哺乳动物除了狮子老虎豹子，其他都玩过，还有蛇
目前战绩 什么水平  	Pc大概五六十，酒吧无，yp无，女朋友一个，无处
听说监控又出问题了  	😅😅😅
听说监控又出问题了  	别尬黑，🤗摄像头心善，看不了这些
听说监控又出问题了  	楼上说的对，我们的监控不会眼睁睁看着他出事的
听说监控又出问题了  	至善至美
14.1亿，嘻嘻  	生育政策取得了显著成效
14.1亿，嘻嘻  	我的心中只有感恩😅
14.1亿，嘻嘻  	精准控制人口，期待2030第一次人口普查
终于来了  	我信你个鬼😅
终于来了  	0-14有几个自然数
终于来了  	又赢了
终于来了  	谁信啊
终于来了  	没有楼上那么离谱，虽然也很离谱，按正常死亡率来算，2020年到现在得出生2000多万。
终于来了  	责任在美方
终于来了  	就这些数据迟了快一个月，就问是办事效率低还是有别的原因？
终于来了  	世界第一
终于来了  	别发了，删不过来了。。。
终于来了  	赢了
终于来了  	我都不知道关注这个有什么意思，遮遮掩掩的本身就已经说明问题了，人家公布的结果不如你们所愿又不舒服，巴黎和会上你动嘴巴人家就会给你山东吗？搞笑
终于来了  	喜大普奔
属于个人行为，真把大家都当傻子是吧？  	诶没事，就是死着玩。
属于个人行为，真把大家都当傻子是吧？  	冲一波热度
属于个人行为，真把大家都当傻子是吧？  	不会真有人不知道跳楼是小孩子的休闲娱乐方式吧？不会吧？
属于个人行为，真把大家都当傻子是吧？  	嘿，有学咱不上，就跳，就死着玩
老哥们一个一个说的挺嗨，到底有几个人敢回去?  	是我把老哥们干沉默了吗？
老哥们一个一个说的挺嗨，到底有几个人敢回去?  	？
老哥们一个一个说的挺嗨，到底有几个人敢回去?  	你是想说gdp的话暴增是加入wto那年才开始，此前一直在平稳增长
老哥们一个一个说的挺嗨，到底有几个人敢回去?  	我现在寄吧都没有，买个房得百年奋斗目标过去除了半闭关，我都能贴大字报，为什么不呢
老哥们一个一个说的挺嗨，到底有几个人敢回去?  	但现在确实不行
老哥们一个一个说的挺嗨，到底有几个人敢回去?  	m燃起来了，看我亩产翻十倍
老哥们一个一个说的挺嗨，到底有几个人敢回去?  	《左左右右回去回去我就是朝前看一眼》
老哥们一个一个说的挺嗨，到底有几个人敢回去?  	还是小命重要，去了在半路都被人埋了
老哥们一个一个说的挺嗨，到底有几个人敢回去?  	吞的还挺多
老哥们一个一个说的挺嗨，到底有几个人敢回去?  	现在的生产力加当时的生产关系和上层建筑久可以，本来想回去的人就没羡慕那时的生产力的。
老哥们一个一个说的挺嗨，到底有几个人敢回去?  	因为说胡话的都是反串的
老哥们一个一个说的挺嗨，到底有几个人敢回去?  	保证吃饭没问题的情况下我还真想回去。目前服务业996，工资还没发，饭都吃不起了，现在一天就一顿饭加点小零食
老哥们一个一个说的挺嗨，到底有几个人敢回去?  	不想回去只想run
如何评价清华图书馆借书排行榜前三  	好起来了
如何评价清华图书馆借书排行榜前三  	它们越来越怕喽，疯狂删封禁
如何评价清华图书馆借书排行榜前三  	好
如何评价清华图书馆借书排行榜前三  	去读书
如何评价清华图书馆借书排行榜前三  	好！
如何评价清华图书馆借书排行榜前三  	好
如何评价清华图书馆借书排行榜前三  	为中华崛起而读书😅😅😅😅
如何评价清华图书馆借书排行榜前三  	降临派是吧
如何评价清华图书馆借书排行榜前三  	第五卷呢？
如何评价清华图书馆借书排行榜前三  	好！
如何评价清华图书馆借书排行榜前三  	好
如何评价清华图书馆借书排行榜前三  	xjsj
如何评价清华图书馆借书排行榜前三  	别尬黑，其他的也配叫书？
如何评价清华图书馆借书排行榜前三  	别尬黑，人家是准备去建设美利坚的
我一个朋友的沙口故事  	大嘠伙怎么看😅
我一个朋友的沙口故事  	来个老哥骂醒他
我一个朋友的沙口故事  	“如何评价”
我一个朋友的沙口故事  	单机贴吧没人么
我一个朋友的沙口故事  	单机贴吧
我一个朋友的沙口故事  	别骂了，别骂了
我一个朋友的沙口故事  	人不沙口枉少年
团团里有内鬼  	精选评论该更新字库了
团团里有内鬼  	红红火火恍恍惚惚
团团里有内鬼  	我看了一下竟然是知道蚌埠住了
团团里有内鬼  	可能是团团也蚌埠住了
团团里有内鬼  	稳中向好、稳步增长、稳定有序、稳中有进、稳定和谐、稳步发展、总体稳定、欣欣向荣。
团团里有内鬼  	不要过度解读，字面意思
团团里有内鬼  	不一定，现在菟友偷了不少梗。
团团里有内鬼  	局势一片大好
团团里有内鬼  	哈哈哈哈
团团里有内鬼  	@ლ泽木ლ
团团里有内鬼  	其实这个梗火了以后，有很多不懂意思玩烂梗的人。我甚至在b站官方翻译的字幕里看到“赢麻了”。其实想表达的意思是赢了。
团团里有内鬼  	蒸蒸日上
团团里有内鬼  	很荣幸
哈哈，  	属实令人暖心😅
哈哈，  	美国确实挺容易抑郁的，主要就是闲的慌。当时我有大半年就有丶轻度
哈哈，  	人家是闲的，咱们是忙的
哈哈，  	😅
哈哈，  	🇺🇸：我瘦死了？
哈哈，  	没有佳士科技暖
哈哈，  	上次说北欧，这次又说美国，估计是假数据
哈哈，  	猪都在赢麻了
哈哈，  	不得不承认咱们整天996跟猪一样哪有时间抑郁啊。
哈哈，  	不查应该就不会统计到吧。毕竟小丑都有心理医生，可以拿政府拨款的药。
哈哈，  	位置不保？美国现在还是世界第一何时被超越？
哈哈，  	抑郁是因为夜里没的玩
哈哈，  	不明白，两个zz团体作斗争，旗下的奴隶倒是跳出来作无产阶级内斗，斗得还挺积极
黑子们，要失望哭了  	🤗🤗🤗
黑子们，要失望哭了  	怎么哪里都有你，阿中哥哥遇上你简直是福分
黑子们，要失望哭了  	平均年龄蹦40了
上次丁针爆火是发生了什么事来着  	群众的记性真的不好啊
上次丁针爆火是发生了什么事来着  	屈原
上次丁针爆火是发生了什么事来着  	为了郭嘉牺牲你们一下
黑幕？一眼假！  	蜀人是这样的
黑幕？一眼假！  	加速加速
黑幕？一眼假！  	没直接给你火化不错了
黑幕？一眼假！  	理塘顶真呢？出来洗地了
黑幕？一眼假！  	为啥强调190？死有余辜
黑幕？一眼假！  	先赢了再说
黑幕？一眼假！  	普利策奖应该，这个事和对面的8个字对比一哈
黑幕？一眼假！  	丁针呢？救一下啊😓
黑幕？一眼假！  	别尬黑，学校至善至美
如果没有家庭  	是不是现在我们生活会更好？
如果没有家庭  	正是因为家庭才公有制吧
如果没有家庭  	😅还没学会走路就想上太空是吧
如果没有家庭  	想真正的公平，人类做不到
如果没有家庭  	这好比你在封建社会就想着搞安一样，太超前了，跟空想没区别
如果没有家庭  	什么
如果没有家庭  	什么马督工？😅😅😅
如果没有家庭  	那还有人愿意生吗？😅
如果没有家庭  	🐎💰🦶？
如果没有家庭  	什么新世界
如果没有家庭  	流水线批量生产是吧😅
如果没有家庭  	舍本逐末，而且一逐就是踩最大的雷
如果没有家庭  	先把爷的农村户口给解决了再说吧。
如果没有家庭  	什么商品
如果没有家庭  	要分清生产资料和生活资料啊同志
这是清华大学的吧吗？一进来和走错地方了一样。  	这是清华大学的吧吗？一进来和走错地方了一样。
这是清华大学的吧吗？一进来和走错地方了一样。  	为啥有人回复了这里却不显示
境外势力摸黑，提高警惕  	境外势力摸黑，提高警惕
火锅！又是火锅！总是火锅！  	上一赛年的冠军今年继续卫冕，属实赢麻了！赵雷镇楼！
火锅！又是火锅！总是火锅！  	抗蛆头子杀疯了，疯狂删帖
火锅！又是火锅！总是火锅！  	班德尔城在去年夺冠后根本不松懈，已经锁定今年的总冠军了，二连冠预订
火锅！又是火锅！总是火锅！  	毕竟是家乡
今年感觉这种事情突然变得频繁了  	前不久一个杀老板的，一个劫持学生的……这才过了多久啊，以前一年都看不到一个这种新闻
今年感觉这种事情突然变得频繁了  	大的要来了
今年感觉这种事情突然变得频繁了  	什么美国新闻
今年感觉这种事情突然变得频繁了  	这下喜笑颜开了
今年感觉这种事情突然变得频繁了  	自由美利坚，枪击每一天！啊，是sh啊那没事了
今年感觉这种事情突然变得频繁了  	根据美国约翰斯•霍普金斯大学实时统计数据，美国已经有3千万人感染……
今年感觉这种事情突然变得频繁了  	上天想踩刹车耐不住下面个个想加速啊
今年感觉这种事情突然变得频繁了  	火是不能灭火的~！
今年感觉这种事情突然变得频繁了  	之前广西幼儿园忘了吗，连捅十几个
今年感觉这种事情突然变得频繁了  	精分罢了
今年感觉这种事情突然变得频繁了  	多来点，就爱看这个
今年感觉这种事情突然变得频繁了  	我化为手机怎么黑屏了
今年感觉这种事情突然变得频繁了  	杀翻
今年感觉这种事情突然变得频繁了  	以前没网，传媒也就报纸电现，80年代比这哈人得多，土炸弹土gun真人gta
想再脏是吧差不多得了  	😅
想再脏是吧差不多得了  	先赢了再说🏃🏻
孩子心地善良 不想给别人造成不良影响 故意选的没监控地方跳楼  	我不会说话。。。他们实在是。。实在是太好了😭😭😭😭😭😭😭这不评个全国最美教师的话不足以服众啊😭😭😭😭
孩子心地善良 不想给别人造成不良影响 故意选的没监控地方跳楼  	#丁真白t造型游西湖#
今日首绷😅  	今日首绷😅
今日首绷😅  	😃
挂   畜     牲  	在成都49中贴吧里高强度复制粘贴洗地
挂   畜     牲  	纳🐰是这样的
挂   畜     牲  	孩子不是高二的吗？这些人洗地都不洗明白的？
挂   畜     牲  	这就是zhi性
挂   畜     牲  	希望它家s人了他也能这样说
挂   畜     牲  	兔友是这样的
怎么成都49没人发呢  	谁敢发啊我两个帖子删的干干净净
怎么成都49没人发呢  	不懂，感觉贴吧贼安静
怎么成都49没人发呢  	又不是第一天认识越南
怎么成都49没人发呢  	号被封了一天
怎么成都49没人发呢  	这个完全不能发
怎么成都49没人发呢  	秒删的
怎么成都49没人发呢  	嘘，老爷心善，见不得这些😅
怎么成都49没人发呢  	虽欲言，无可进者😅
怎么成都49没人发呢  	这是怎么一回事呢？
怎么成都49没人发呢  	求真求实，至善至美
怎么成都49没人发呢  	发生了什么。
怎么成都49没人发呢  	太能删了
怎么成都49没人发呢  	49中赢麻了😅成都赢麻了😅年度Top1
四川是乘着msi又开始了吗  	楼下放图
四川是乘着msi又开始了吗  	图呢？
四川是乘着msi又开始了吗  	这件事的消息吞得厉害，b站，微博都是这样😅
四川是乘着msi又开始了吗  	我就不信了
四川是乘着msi又开始了吗  	上分啦
四川是乘着msi又开始了吗  	-直在安抚我们的情绪叫我们不要情绪化，我们也是从警方口里得知救护车8点半到学校时我儿子已经停止了心跳甚至没有去医院直接就拉去了殡仪馆自日@成都服务学校那边说他们会走法律程序，除此之外无可奉告,作为一个母亲我真又痛又恨，走投无路的我们也试着打了各种媒体热线均被敷衍了事没有媒体愿意发声自我想问难道这些校长们老师们都没有孩子吗真的不怕报应吗，还有吾儿的同学们，你们可以告诉我到底发生了什么吗，孩子他爸已经体力不支晕倒数次百学校想一直耗着我们，最后拿出一坛骨灰将我们应付了事吗，信息社会难道一条活生生的生命就是这样被轻易想抹杀就抹杀了吗，吾儿是一条活了17年活生生的存在的生命啊!自日日@成都共青团@微成都@成都发布@中国青年
四川是乘着msi又开始了吗  	都可以吞，司马百度
四川是乘着msi又开始了吗  	继续吞
四川是乘着msi又开始了吗  	唉
四川是乘着msi又开始了吗  	cd这教育体制真恐怖
四川是乘着msi又开始了吗  	他儿子咋回事，咋死的到底
四川是乘着msi又开始了吗  	四川和成都真的一次又一次刷新我的世界观，让我一次比一次反感那个地方，反感那个地方的人
四川是乘着msi又开始了吗  	就没几个说得出话的
四川是乘着msi又开始了吗  	明天给你整个丙真出来转移一下视线
四川是乘着msi又开始了吗  	我心硬，多来点
兄弟们，怎么评价爷的大学  	兄弟们，怎么评价爷的大学
兄弟们，怎么评价爷的大学  	😅
兄弟们，怎么评价爷的大学  	什么叫也？这女权不给她冲了？
兄弟们，怎么评价爷的大学  	单机贴吧是吧😅
兄弟们，怎么评价爷的大学  	把也换成都
作为医学生，看到这个新闻挺难受的😭  	作为医学生，看到这个新闻挺难受的😭
作为医学生，看到这个新闻挺难受的😭  	鲁迅原是抱着寻求救国的道路的心愿到日本学医的。他说：“我的梦很美满，预备卒业回来，救治像我父亲似的被误的病人的疾苦，战争时候便去当军医，一面又促进了国人对于维新的信仰。”但他看了影片以后，学医的想法有了改变。他说：“从那一回以后，我便觉得学医并非一件紧要事，凡是愚弱的国民，即使体格如何强健，如何茁壮，也只能做毫无意义的示众的材料和看客。”
作为医学生，看到这个新闻挺难受的😭  	他说的没错，错的是在xx
作为医学生，看到这个新闻挺难受的😭  	他好像不知道vn摄像头比较心善，他那儿的可能更心善
作为医学生，看到这个新闻挺难受的😭  	愿人人都做到如此，水滴虽小，可聚成江海
为什么一个国家能造航母，能造导弹，超级计算机，但是却连一个监  	为什么一个国家能造航母，能造导弹，超级计算机，但是却连一个监控都做不好
为什么一个国家能造航母，能造导弹，超级计算机，但是却连一个监  	别尬黑，🌸为品牌的特色功能顶尖ai
为什么一个国家能造航母，能造导弹，超级计算机，但是却连一个监  	别尬黑，刚好坏了
愿你成为小太阳 发光发热正能量  	发光发热正能量
😅  	主体思想鲨起来了
😅  	还是佩服，人家起码抵制说到做到，不像有些嘴上抵制暗地里子女都送出去了。
又开始了  	打拳打拳
抓包洗地水军  	是真的能洗，是49中的校方是吧😅
抓包洗地水军  	普通学_者
抓包洗地水军  	你说呢
抓包洗地水军  	控评国的网络日常
蜀道难！  	剑阁峥嵘而崔嵬，一夫当关，万夫莫开。所守或匪亲，化为狼与豺。朝避猛虎，夕避长蛇；磨牙吮血，杀人如麻。锦城虽云乐，不如早还家。蜀道之难，难于上青天，侧身西望长咨嗟！
蜀道难！  	难!
大热天的是要暖死印度吗  	援印物资暖人心
大热天的是要暖死印度吗  	怎么没人说话
大热天的是要暖死印度吗  	投降派确实有
大热天的是要暖死印度吗  	我印象里中国红十字唯一一次正面的报道
大热天的是要暖死印度吗  	红十字会，让我想到了郭美美
大热天的是要暖死印度吗  	原来是聚会啊，我还以为你把我给整不会了😅
大热天的是要暖死印度吗  	去年年初印度也象征性给过中国点物资，礼尚往来而已，稍给点没毛病
大热天的是要暖死印度吗  	疫苗自己都不够呢
大热天的是要暖死印度吗  	缅甸挡不住印度难民的
大热天的是要暖死印度吗  	可让🇻🇳装成一把
大热天的是要暖死印度吗  	为了天超体面
大热天的是要暖死印度吗  	红十字会啊
大热天的是要暖死印度吗  	大使不发推你还指望西方媒体帮我们宣传是吧，没有话语权的情况下你告诉我怎么宣传😅
大热天的是要暖死印度吗  	带国风范噢
我是你种下的因我是你未来的果我头颅向东我心脏在左我扛着亚细亚  	我是你种下的因我是你未来的果我头颅向东我心脏在左我扛着亚细亚的锤我燃着乌托邦的火我记得你杀人的枪我记得你囚奴的锁我是你心底的克苏鲁我是你梦中的伏地魔我见过被雕饰的空洞我听过被遗忘的沉默我闻到这根系的癌变我触到这枝叶的腐落我不要人变物的自由我不要物御人的快活我要焚你的圣殿我要熔你的王座我要闯群星的海我要立众民的国五百年的因五千年的果最后的斗争最初的承诺我来了，我来了跟着我，跟着我加速，加速转舵，转舵前进，前进力破，力破大风，大风烈火，烈火红旗在肩镰斧如火
我是你种下的因我是你未来的果我头颅向东我心脏在左我扛着亚细亚  	没人
我是你种下的因我是你未来的果我头颅向东我心脏在左我扛着亚细亚  	dd
我是你种下的因我是你未来的果我头颅向东我心脏在左我扛着亚细亚  	你写的？
我是你种下的因我是你未来的果我头颅向东我心脏在左我扛着亚细亚  	哈人🏃🏃
我是你种下的因我是你未来的果我头颅向东我心脏在左我扛着亚细亚  	三個月內沒解放你們太哈人了
我是你种下的因我是你未来的果我头颅向东我心脏在左我扛着亚细亚  	了
我是你种下的因我是你未来的果我头颅向东我心脏在左我扛着亚细亚  	好家伙，这么返动，太哈人了
我是你种下的因我是你未来的果我头颅向东我心脏在左我扛着亚细亚  	让你狂的
我是你种下的因我是你未来的果我头颅向东我心脏在左我扛着亚细亚  	广场舞噪音扰民害我，贵阳报警多次没用
我是你种下的因我是你未来的果我头颅向东我心脏在左我扛着亚细亚  	属于是有点哈人了
我是你种下的因我是你未来的果我头颅向东我心脏在左我扛着亚细亚  	好！
这也删  	我只能说先穿裤子再穿鞋，光着腚就别考虑穿搭了
这也删  	基因优化，化学极乐
这也删  	毛选第一卷90页，关于绝对平均主义，字都打不明白差不多得了
这言论给我看傻了。  	刚刚听到宿舍里有人高谈阔论抵制耐克的问题，一张嘴就是国家都没禁止，我买怎么了，耐克那么多员工，我不买耐克岂不是他们就要失业了？当初禁NBA没事啊，我可以去外网看，但是没禁耐克，那大家都不买那得多少人失业啊？我傻了，合着大伙都是麻瓜，人家才是真忧国忧民呐。
这言论给我看傻了。  	好好学习，做好打工的准备
这言论给我看傻了。  	让你抵制hm就好好地址，关耐克什么是？
这言论给我看傻了。  	狼来了说太多遍，大家也麻了
这言论给我看傻了。  	还抵制个毛线，你看看现在还有多少人讨论这些？
这言论给我看傻了。  	抵制，做好自己就行，上面干事还和闹着玩一样，nba还号称绝无回旋余地呢
这言论给我看傻了。  	说的好像不丢垃圾清洁工就失业了一样做生意，干工作都有风险，国外品牌做不了做国内呗，总不能好事全让你一个人占了
这言论给我看傻了。  	要是把竞品都赶走了，到时候买到劣品哭都没处哭
这言论给我看傻了。  	抵制个der，还不是该穿穿。上面做个姿态而已
大家一起传，红红火火大中国，气死那些黑子  	我可不认同肘子派们的观点
工人的工资永远只是维持最低生活水平和繁衍后代的成本，这一点并  	工人的工资永远只是维持最低生活水平和繁衍后代的成本，这一点并不会因为生产力的进步而改变。
工人的工资永远只是维持最低生活水平和繁衍后代的成本，这一点并  	劳动力再生产最低限额，有时甚至压低于基本生活资料限度
工人的工资永远只是维持最低生活水平和繁衍后代的成本，这一点并  	然而工人还有另一种选择，就像历史上那些前辈一样
工人的工资永远只是维持最低生活水平和繁衍后代的成本，这一点并  	一看就是读过资本论的人
工人的工资永远只是维持最低生活水平和繁衍后代的成本，这一点并  	现在已经反演不起🌶️😅
经典怪社会！ 不从你自身找问题  	😅
经典怪社会！ 不从你自身找问题  	学校能原谅学生自杀就不错了，死个人而已嘛，你不死我化学老师的好儿子怎么留学啊？
经典怪社会！ 不从你自身找问题  	快进到家长给学校道歉，堵校门口不是添麻烦吗？学校大门的地还要不要扫了？
经典怪社会！ 不从你自身找问题  	别尬黑，学校已经原谅家长了
经典怪社会！ 不从你自身找问题  	不让你家长给学校道歉就不错了
经典怪社会！ 不从你自身找问题  	快进到给学校造成恶劣影响先给校长赔偿500w，以便其子女更好的去外国消费
经典怪社会！ 不从你自身找问题  	转移话题了
经典怪社会！ 不从你自身找问题  	是我就去学校开刀战房了
经典怪社会！ 不从你自身找问题  	又在递刀子了
破防了  	破防了
破防了  	度🐶4000➕
破防了  	还不是自己不够努力
破防了  	他老公属实该沙
破防了  	这是干啥q没了
破防了  	赌狗不得house
破防了  	帖子怎么搜不到，有没有老哥发个链接，我捐点夜宵钱
破防了  	赌🐶有啥好说的？活该而已，还害了一家人
破防了  	走自己的道路，让那些三次元的大人说去吧！
破防了  	离婚吧
破防了  	这种离婚了我支持，但是女方可能又没赚钱养家的能力，日子可真难过
破防了  	毒狗真该死
破防了  	给不了一个好的环境不配生真的
破防了  	度🐶都有老婆？
破防了  	啊这
男女混宿，留学生：那不是更好吗？  	快来一起生黑宝宝。
男女混宿，留学生：那不是更好吗？  	什么非洲留学生
男女混宿，留学生：那不是更好吗？  	家长不许谈恋爱，黑哥：那不是更好吗，我还嫌甩不掉呢
看样子现在的学校比哥谭还可怕，在外面出了事能得到社会的帮助，  	看样子现在的学校比哥谭还可怕，在外面出了事能得到社会的帮助，在学校，不仅迅速掩盖消息，能拖死就拖死，谁帮处理谁。
看样子现在的学校比哥谭还可怕，在外面出了事能得到社会的帮助，  	我亲身经历，学校去年跳楼一个，学校为了封锁消息把救护车堵在门口。你可以自己去查河南财经政法大学，就去年的事情。早就麻了。
14.1，4kw，你们信吗？  	14.1，4kw，你们信吗？
14.1，4kw，你们信吗？  	😅
我也来打个拳  	干部是比群众多个眼睛还是多个嘴？凭什么它们有专用病房？？？
我也来打个拳  	你努力考上公务员会是这样?还不是不努力
我也来打个拳  	别尬黑，特色
我也来打个拳  	这样更好，没必要藏着掖着。她们本来就是仌。她们的待遇，包括退休待遇，一般人也不知道。
我也来打个拳  	他们是天龙人，拯救过世界的，这不是很正常
我也来打个拳  	把干部病房去了，他实际还在，解决不了实际问题。换句话说如果你看不到干部病房这四个字，说明我们已经根本接触不到高端医疗资源，医疗资源已经完全失衡了。
我也来打个拳  	特色
我也来打个拳  	说得好，这就去端了
我也来打个拳  	没有资本家可恶
我也来打个拳  	说得好，这就把你端了
我也来打个拳  	江山是人家或者人家的前辈打下来的，这点不是应该的嘛
我也来打个拳  	好拳！早该打这路拳了！
我也来打个拳  	差不多得了，下一步是不是就是军人绿色通道了？😅
我也来打个拳  	怎么，当年分的江山，现在就不乐意了？
XDM你们有这只🐭🐭努力吗  	建议给这只🐭🐭颁个荣誉称号
XDM你们有这只🐭🐭努力吗  	这是哪位吧友啊
XDM你们有这只🐭🐭努力吗  	在街上看见有人追着老鼠打。在路上看见被碾死的老鼠（也有其他生物）也不在少数。
XDM你们有这只🐭🐭努力吗  	泪目了，好感动
XDM你们有这只🐭🐭努力吗  	remark后的蛆宝宝
XDM你们有这只🐭🐭努力吗  	还是不够努力罢了！
XDM你们有这只🐭🐭努力吗  	然后被一记铁拳又砸回去
XDM你们有这只🐭🐭努力吗  	鼠鼠😭😭😭我的鼠鼠😭😭😭😭
XDM你们有这只🐭🐭努力吗  	第一眼看成了涂了硅脂的CPU
XDM你们有这只🐭🐭努力吗  	😭😭😭😭
XDM你们有这只🐭🐭努力吗  	为zg建设添砖加瓦
自然科学之间与哲学神学的关系  	而神学就是皇帝的精神粮食。所以最后大多数的物理学家都要步入神学，就像皇帝要追求长生不老一样。而数学公式也完美的体现了自然之美，所以说大数学家欧拉比相信上帝。
自然科学之间与哲学神学的关系  	！
不懂就问 他们说的是谁？  	他们说的是谁？
不懂就问 他们说的是谁？  	🐰🐰
不懂就问 他们说的是谁？  	后几句话太容易让人联想到猫了，听的时候就感觉不舒服
不懂就问 他们说的是谁？  	首先他已经把人群分为我们和他们，还能对我们说教什么呢
不懂就问 他们说的是谁？  	意思就是高考的时候监考老师说错了你就要说我答的是对的
不懂就问 他们说的是谁？  	钙剂之间，本来就没有对错，只有输赢。皇上错了吗，人家祖上打下的江山。黄世仁错了嘛，人家几代人的积累。对有什么用？只有输和赢，不要忘了领袖的指示
不懂就问 他们说的是谁？  	你不要命了？
不懂就问 他们说的是谁？  	当然是观察者网啦😅
不懂就问 他们说的是谁？  	洗，现在洗得越狠，未来醒了恨得越深
不懂就问 他们说的是谁？  	辩证法给这帮byd全丢完了。对立统一不存在了属于是
不懂就问 他们说的是谁？  	无所谓了，躺平了，什么时候开始gm就把这条命丢的有价值一点
不懂就问 他们说的是谁？  	你去反人类，你看看你对手是支持还是反对。是非观都不要了是吧，只争输赢？打擂台你去给对手下D嘛。
不懂就问 他们说的是谁？  	对就是对，错就是错，天王老子来了是错也是错的
不懂就问 他们说的是谁？  	反智主义再抬头
你喜欢第一个还是第二个？  	图来了
你喜欢第一个还是第二个？  	你应该加个1970年的
你喜欢第一个还是第二个？  	1900年or1961，这两张也挺著名。
你喜欢第一个还是第二个？  	你要我从男桐跟纳粹里面选一个？那我只能选男桐。
你喜欢第一个还是第二个？  	第一个纳粹会把你个黄猴子拖去洗瓦斯澡，第二个纯娘炮。
你喜欢第一个还是第二个？  	fxs和男同？发这b图的人不是蠢就是坏
你喜欢第一个还是第二个？  	🥵🥵🥵我要第二个！我要把舌头伸他嘴里！快给我快给我快给我快给我快给我快给我快给我快给我快给我快给我快给我快给我快给我快给我快给我快给我快给我快给我快给我快给我
有个问题，是不是都嫌躺平赚的少啊才老觉得自己是资本家赚钱的工具  	理性讨论
对比一下四川另一个地方学生死亡事件的官方通报  	成都这个通报不是随便乱写出来糊弄人的？😅成都真的赢麻了
对比一下四川另一个地方学生死亡事件的官方通报  	真的哈人
对比一下四川另一个地方学生死亡事件的官方通报  	不敢去成都玩了
富强民主文明和谐自由平等公正法治爱国敬业诚信友善（老圣经）  	富强民主文明和谐自由平等公正法治爱国敬业诚信友善（老圣经）
在超市门口看见的  	😡😡😡
在超市门口看见的  	全面下的漏网之鱼罢了
在超市门口看见的  	我实习那天搬房子，也是累的躺在地上好久
在超市门口看见的  	什么图片?我怎么刷不出来?
在超市门口看见的  	过得不比美国中产阶级差
在超市门口看见的  	感恩
在超市门口看见的  	休息一下怎么了，总比住在街头的美国好
在超市门口看见的  	一看就是偷懒
在超市门口看见的  	这👟就不可能是流浪汉
在超市门口看见的  	是不是喝高了
在超市门口看见的  	快去叫他起来给老板打工
在超市门口看见的  	工地边上多的是这么睡的
在超市门口看见的  	不会吧
如何评论兔友对佐人和共趣人的看法？  	这是否有点😅
如何评论兔友对佐人和共趣人的看法？  	挺好
如何评论兔友对佐人和共趣人的看法？  	蛆言蛆语一眼反串
如何评论兔友对佐人和共趣人的看法？  	县中的欲望也会高涨
如何评论兔友对佐人和共趣人的看法？  	每次看见兔友，我就想吃麻辣兔头😋
如何评论兔友对佐人和共趣人的看法？  	笑死了直升机😆皮大帅觉得赞嗷😆😆
如何评论兔友对佐人和共趣人的看法？  	共趣？是什么意思
如何评论兔友对佐人和共趣人的看法？  	图图全世界，全世界兔兔耶✌
如何评论兔友对佐人和共趣人的看法？  	说的太对了，兔友，网←，共趣壬早该被一起图图了
如何评论兔友对佐人和共趣人的看法？  	个人经历，越是恨左的将来工作后越是容易成为左。
如何评论兔友对佐人和共趣人的看法？  	一直为和网友观点不一致而迷茫，今天我终于顿悟了，化身🐠友和我无关的事看完就忘掉，只要我忘得够快，烦恼就追不上我
如何评论兔友对佐人和共趣人的看法？  	反正我感觉兔友不是蠢就是坏
看了七普  	新时代要来了
看了七普  	只不过不是我们鼠鼠的😅
看了七普  	系统你好温柔
你看现在谁还关心RK普查  	赢麻了
爱因斯坦怎么评价  	物理学t1
爱因斯坦怎么评价  	如果不是他的理论催生出了核弹，那么世界上的战争会更多
爱因斯坦怎么评价  	从学术上他是个天才，从人品上他就是个人渣
爱因斯坦怎么评价  	他敢在这说吗
爱因斯坦怎么评价  	这是实话，改批评就批评
爱因斯坦怎么评价  	呵呵，不敢说，反正他对你的国家评价很差！
爱因斯坦怎么评价  	他这话我是赞同的，要是大家水平都高一点，不摆烂，就不需要那么崇拜人家了
爱因斯坦怎么评价  	他都不相信人类拥有自由，当然我也不信
爱因斯坦怎么评价  	小爱上海乳过化的
爱因斯坦怎么评价  	这位是真乳了
爱因斯坦怎么评价  	老大哥正在看着你。
爱因斯坦怎么评价  	你配评价
爱因斯坦怎么评价  	社会主义者
爱因斯坦怎么评价  	右边那谁啊
漩涡帮的女打手？  	🐴没特效，这漂亮吗？美颜不是有手就行？
漩涡帮的女打手？  	秒极
漩涡帮的女打手？  	这女的长的跟豹女似的
漩涡帮的女打手？  	什么异形大战铁血战士？
漩涡帮的女打手？  	什么烂蛆
漩涡帮的女打手？  	明明是动物帮
2021清华大学吧吧务招募  	遵守本吧吧规，愿意维护本吧的舆论环境。欢迎各位THUer积极报名
2021清华大学吧吧务招募  	报名的小伙伴请打开私信，方便联系哦
2021清华大学吧吧务招募  	前排支持。
2021清华大学吧吧务招募  	😅看不起我博士生是吧，准没你好果子吃
2021清华大学吧吧务招募  	总算回归正常了
2021清华大学吧吧务招募  	我们🐭🐭可以当吧务吗
2021清华大学吧吧务招募  	不懂就问，吧务有奖金吗？
2021清华大学吧吧务招募  	支持（趴）
2021清华大学吧吧务招募  	不懂就问，贴吧还有人吗现在。
2021清华大学吧吧务招募  	支持😊😊😊
2021清华大学吧吧务招募  	就这
2021清华大学吧吧务招募  	支持！但不报名了。
2021清华大学吧吧务招募  	支持，不怕吧务的🐭人已经不是一般的🐭人了
2021清华大学吧吧务招募  	可惜我是博士生
暖心  	恶意讨薪😅
暖心  	少了的国家来补?
暖心  	这下均了
暖心  	确实，用平均数来说话就有点离谱，就算用也用中位数啊
暖心  	120个左右
暖心  	都让你暖完了是吧😅
暖心  	马云如果宣布自己也是农民工，数据马上大变
暖心  	等于多少爽
暖心  	我寄吧三年没涨了😄💧
暖心  	又想起前一阵那个日薪208万的了，估计她肯定比农民工努力15000倍吧
暖心  	这增长率还好意思说？能赶上通胀吗呵呵
暖心  	110*
暖心  	tm赶得上通膨吗*
2.5亿已经穿帮的太明显了  	我也不知道”
这b事确实是给普查压热度的  	这事难道不比普查更令人心寒？
呜呜，张❤🐟把我的帖子删了，我手打一个小时的啊😭还封我账号雨  	呜呜，张❤🐟把我的帖子删了，我手打一个小时的啊😭还封我账号雨天😭😭😭
呜呜，张❤🐟把我的帖子删了，我手打一个小时的啊😭还封我账号雨  	😭😭😭😭😭
呜呜，张❤🐟把我的帖子删了，我手打一个小时的啊😭还封我账号雨  	比赛期间少水帖
别的吧看到的  	真有这个不等式吗￥2000>$3000
别的吧看到的  	这叫购买力比如2000块可以…呃…买那啥，然后3000刀买不了那啥，对了两千块可以在买一个工人干一个月，3000刀可做不到，你看是不是2000块>3000刀啊
别的吧看到的  	，兔兔的逻辑
别的吧看到的  	人家说的是幸福感。。在中国就是会比美国幸福，经典不看全视频
别的吧看到的  	我幸福好几倍
别的吧看到的  	可不敢不幸福
别的吧看到的  	可不敢乱说，我姓服，姓服
别的吧看到的  	背后的原因让人暖心
别的吧看到的  	著名的陈平不等式😅🤗🤗🤗
别的吧看到的  	我对祖国只有感恩
你无辜吗？  	？
你无辜吗？  	没有一个蛭蛭是无辜的
这也是清美的学姐吗  	😅😅😅
这也是清美的学姐吗  	😅
这也是清美的学姐吗  	😅
这也是清美的学姐吗  	？
这也是清美的学姐吗  	给个链接，用户名搜不到
这也是清美的学姐吗  	？
这也是清美的学姐吗  	烧牌一个罢了
这也是清美的学姐吗  	笑嘻了家人们
这也是清美的学姐吗  	批站大会员什么成分😅
这也是清美的学姐吗  	阿水和左手cp粉😅
这也是清美的学姐吗  	什么傻软
这也是清美的学姐吗  	天龙院是你该过问的
这也是清美的学姐吗  	歧视工人？举报到清华教务处去，取消她学籍
别魔征了好吗？  	天天发，现在看很多人不那么幸福我竟有一丝开心
别魔征了好吗？  	加速，最后胜利的一定是人民！
别魔征了好吗？  	敌人越是反对的，说明我们做对了，加速吧，开始毛选马恩开始大量的传播而已，这些只是开始
别魔征了好吗？  	魔怔都是人上人
别魔征了好吗？  	殆而
别魔征了好吗？  	魔怔人，魔怔魂，魔怔都是人上人
贴吧拜拜👋🏻  	存地失人，人地皆失，所有的号都没了，去知乎了😅
贴吧拜拜👋🏻  	封多久？我封过三天
贴吧拜拜👋🏻  	贴吧还好那号是不知道第几个号了
贴吧拜拜👋🏻  	我第三个号了，还不知道这个号能撑多久
贴吧拜拜👋🏻  	相比下知乎小管家比贴吧更抽风一点…
贴吧拜拜👋🏻  	在墙内去哪里都一样，还是去游关和腿忒，
贴吧拜拜👋🏻  	我就是知乎过来的
贴吧拜拜👋🏻  	红迪chonglangtv见
贴吧拜拜👋🏻  	拜拜就拜拜吧！
贴吧拜拜👋🏻  	都一样
贴吧拜拜👋🏻  	贴吧被永锋，知乎你一个月怕是只有两天能说话。
贴吧拜拜👋🏻  	哈哈，资乎根本说不了话
贴吧拜拜👋🏻  	拉倒吧，资乎还严重一些，搞wzy
贴吧拜拜👋🏻  	懂？你脚下的这片热土拥有世界第一公路里程13.1万公里拥有世界第一高铁里程2.2万公里拥有世界第一光缆里程3041万公里拥有世界第一移动支付金额208万亿拥有世界第一的人才资源1.75亿人拥有世界第一发明申请量＞100万拥有世界第一年均脱贫量1391万人拥有世界第二科研费用1.57万亿拥有世界第一的架桥技术拥有世界第一的巨型水电站建设技术拥有世界第一的高原铁路建设技术拥有世界第一的量子通讯技术拥有世界第一的高铁及动车建造技术拥有世界第一的特高压输电技术拥有世界第一的激光技术拥有世界第一的超级计算机技术拥有世界第一的陶瓷生产技术世界前10斜拉桥中国占7座世界10个超大港口中国占7个世界前10悬索桥中国占6个GDP超过万亿的城市中国占12个中国目前城镇化已达到57.35％这就是你的祖国，这就是你的家有五星红旗飘扬的地方，就是家的地方那个曾经被视为落后腐朽代名词的中国早已不复返那个曾被视为东亚病夫的中国早已一去不复返那个曾被西方各国随意欺辱的中国早已一去不复返那个曾被各国垄断技术的中国早已一去不复返那个十万青年热血砌出来的钢铁中华将长久傲立于东方中国在国际上面对非难的从容不迫彰显出了大国实力和魄力她正以稳健的步伐迈向一个崭新而辉煌的时代我们爱国人身后都一面红旗，她的名字叫中国🇨🇳
贴吧拜拜👋🏻  	感谢抗吧bw救我狗命，在这里表示感谢谢谢啦
😅  	zay真有你的
如何看待中国观众对《寄生虫》这部电影的评价？  	中国观众对于电影中表现的阶级对立的部分的理解程度普遍弱于美国观众且中国观众认为穷人一家这么有能力不可能穷，富人不可能这么单纯更无法理解穷人父亲最后捅富人父亲那一刀的动机
如何看待中国观众对《寄生虫》这部电影的评价？  	特色罢了
如何看待中国观众对《寄生虫》这部电影的评价？  	思想都被控制的，还能指望怎么理解？
如何看待中国观众对《寄生虫》这部电影的评价？  	本来就是，中国可根他们不一样。中国的天是自己打出来的，他们是跪来的，半卦国
如何看待中国观众对《寄生虫》这部电影的评价？  	你跟一群太监说房事，恍如说天书
如何看待中国观众对《寄生虫》这部电影的评价？  	细说电影剧情
如何看待中国观众对《寄生虫》这部电影的评价？  	很多韩国电影题材大胆，直接抨击人性和社会，可似乎未起太大作用，大家对韩国财阀和其权利机关如何看待？很多美国电影题材大胆，直接抨击人性和社会，可似乎未起太大作用，大家对美国大资本家和其权利机关如何看待？很多日本漫画题材大胆，直接抨击人性和社会，可似乎未起太大作用，大家对日本财阀和其权利机关如何看待？上世纪很多港台电影题材大胆，直接抨击人性和社会，可似乎未起太大作用，大家对港台资本家和其权利机关如何看待？很多泰国电影题材大胆，直接抨击人性和社会，可似乎未起太大作用，大家对泰国国王、军队和其权利机关如何看待？
如何看待中国观众对《寄生虫》这部电影的评价？  	老美那边是已经阶级固化的，这种固化不是藏着掖着的。而是明明白白摆在明面上的。美国人也知道阶级固化。知道资本家剥削他们。所以美国国内才有那么多，针对富人的阴谋论，以至于到了反智的地步。但老美的资本家相当聪明，将底层的大矛盾分割成一堆小矛盾，让你有劲没处使。国内因为刻意淡漠阶级概念，以及努力神教的洗礼。对于阶级的敏感性已经变得非常之低。(想想过去一堆无产者国内把马云叫爹的场景)
如何看待中国观众对《寄生虫》这部电影的评价？  	特色
如何看待中国观众对《寄生虫》这部电影的评价？  	其实我并不喜欢寄生虫，这电影最大问题就是把穷人表现得太恶劣，把富人渲染成傻白甜，典型财阀国家的价值观导向，表面上在讲贫富差距，实际上宣传的还是社达主义
如何看待中国观众对《寄生虫》这部电影的评价？  	车力虱论韩国：偷！跪！财阀！
如何看待中国观众对《寄生虫》这部电影的评价？  	渔民武术起作用了
如何看待中国观众对《寄生虫》这部电影的评价？  	其实没有所谓愚民，被骗的基本上是生活没什么担忧的
如何看待中国观众对《寄生虫》这部电影的评价？  	需要教员的书可以进我主页帖子获取
如何看待中国观众对《寄生虫》这部电影的评价？  	寄生虫还得看那带色的
有人记得这个吗？  	说这个孩子平时在学校很乖啥的……
有人记得这个吗？  	学校帮忙掩护
有人记得这个吗？  	网民就像鱼，记忆只有三分钟
这是聪明人才看得到的  	帖子
这是聪明人才看得到的  	qmyfzg
这是聪明人才看得到的  	不敢说，已经被抗吧吧务封了一天了
这是聪明人才看得到的  	^_^♪，你看到了
这是聪明人才看得到的  	我🌹为📱看不到
这是聪明人才看得到的  	愿中国的青年
这是聪明人才看得到的  	老子就是法，治得就是敏
如何评价我国生育率降低问题？  	rt
如何评价我国生育率降低问题？  	好降
如何评价我国生育率降低问题？  	什么违章动物
你们小学生继续卷，我不生了  	有没有懂哥翻译一下
你们小学生继续卷，我不生了  	太哈人了
你们小学生继续卷，我不生了  	这什么意思
你们小学生继续卷，我不生了  	不差你这一茬韭菜
你们小学生继续卷，我不生了  	小孩明天就跳楼
你们小学生继续卷，我不生了  	五浊恶世正常现象
你们小学生继续卷，我不生了  	昨晚梦见大家都在追求平等，而不是成为人上人😭
你们小学生继续卷，我不生了  	小孩：简单跳个楼😇
你们小学生继续卷，我不生了  	啥意思？
你们小学生继续卷，我不生了  	蚌埠住了
你们小学生继续卷，我不生了  	蚌埠住了
你们小学生继续卷，我不生了  	小孩已经开启献忠模式，这个人要小心啊😅
你们小学生继续卷，我不生了  	笑嘻了，本科文凭上等人
你们小学生继续卷，我不生了  	啥b
以后大家会一个人吗，一直单身一直爽  	蚌埠住了
以后大家会一个人吗，一直单身一直爽  	生个病没人管的感觉还是糟透了
以后大家会一个人吗，一直单身一直爽  	单身还是不太行，找个丁克不要孩子就完美了
以后大家会一个人吗，一直单身一直爽  	第七次人口普查数据将在四月上旬公布
以后大家会一个人吗，一直单身一直爽  	躺平就完了
以后大家会一个人吗，一直单身一直爽  	应该会。不想迁就别人，也不想让孩子来到这世界上走我这样的路，太累了
以后大家会一个人吗，一直单身一直爽  	好好滴引进（指外来高端人才），老爷有赏啊！！
以后大家会一个人吗，一直单身一直爽  	出生人口就要跌破1000万了。
以后大家会一个人吗，一直单身一直爽  	每天忙的不着家，担心孩子长大像老王
以后大家会一个人吗，一直单身一直爽  	快进到交单身税
以后大家会一个人吗，一直单身一直爽  	结不结婚之前，先思考下，自己有钱嘛？自己长得帅嘛？自己双商高吗？如果没有，那就只能单着了
以后大家会一个人吗，一直单身一直爽  	还是别独居吧，至少也可以找人合居个大点的房子，不然人回家就一个人，太孤独了，没人说话，老了肯定多少会痴呆
为什么？因为一旦出现数字49  	不能要求他们和微薄一样删号禁言就麻烦了
为什么？因为一旦出现数字49  	因为成都上大分啊
这2ch也是魔怔吧吗？天天药丸，和神油反面，互为镜像，都是二  	这2ch也是魔怔吧吗？天天药丸，和神油反面，互为镜像，都是二极管呗
这2ch也是魔怔吧吗？天天药丸，和神油反面，互为镜像，都是二  	这个互联网有不魔怔的地方吗
这2ch也是魔怔吧吗？天天药丸，和神油反面，互为镜像，都是二  	因为绝望吧
这2ch也是魔怔吧吗？天天药丸，和神油反面，互为镜像，都是二  	不讨论敏感话题就不会
这2ch也是魔怔吧吗？天天药丸，和神油反面，互为镜像，都是二  	🈸🐰今天都臭了，失去争吵价值。现在宣布🈸🤮合并为新的“嗨友”。并且把其他嗨特性乐子人士吸收。原先🈸友中的不嗨者和其他网上的实事求人士，合并为“求真人”与之对应。
这2ch也是魔怔吧吗？天天药丸，和神油反面，互为镜像，都是二  	乱七八糟的，我就想安安静静地上网冲个浪
这2ch也是魔怔吧吗？天天药丸，和神油反面，互为镜像，都是二  	兔杂罢了
这2ch也是魔怔吧吗？天天药丸，和神油反面，互为镜像，都是二  	不知道，继续关注深圳➕4事件
这2ch也是魔怔吧吗？天天药丸，和神油反面，互为镜像，都是二  	去年就知道了，上个号天天首页推，跟印吧一个样。反倒是被说兔油集合地的航吧，从上首页的贴来看是名不副实
这2ch也是魔怔吧吗？天天药丸，和神油反面，互为镜像，都是二  	2ch吧是真的有丶魔怔的
这2ch也是魔怔吧吗？天天药丸，和神油反面，互为镜像，都是二  	这些人和印度吧，就是组成以前特朗普吧（被利用完后封掉了）的主力，整天🇺🇸💊🥚了，和念经差不多，各种理由反复高强度重复。
这2ch也是魔怔吧吗？天天药丸，和神油反面，互为镜像，都是二  	我真怀疑这吧有针织任务
这2ch也是魔怔吧吗？天天药丸，和神油反面，互为镜像，都是二  	整天混迹在网络上的不都是魔怔人吗，五十笑一百
这2ch也是魔怔吧吗？天天药丸，和神油反面，互为镜像，都是二  	二极管都是一个管子
这2ch也是魔怔吧吗？天天药丸，和神油反面，互为镜像，都是二  	笑了
有个疑问  	但是学校不行了吧
有个疑问  	日本人能不能爬啊
有个疑问  	建议福岛吃鱼去呢亲。
有个疑问  	换种大作战是吧
有个疑问  	你麻麻的我上个星期就看到这个帖子了
有个疑问  	类比黑户
有个疑问  	😅
有个疑问  	闺蜜介绍一下
有个疑问  	对，全程私立
有个疑问  	？？？公立学校可以读啊。不过你既然让他入了日本籍，为什么还要在国内上学呢？毕了业没有工作签证还是要回去，到时候适应不了日本环境，之后的生活会很难受
有个疑问  	孩子虽然是日本户口，但是心是中国心，现在日本排核污水更不能去日本了吧俎们别太过份了哦
有个疑问  	去日本生活啊
有个疑问  	罕见神气什么?
人和人的差距真的很悲哀  	一个二次元原批室友，整天打游戏不上课，挂科十几门，结果今天听他跟他妈打电话才知道，家里拆迁了，分了三套房子，他爹已经在准备给他过户了，他爷爷是机械厂的总工程师，他亲舅舅还是清华的，现在在重大当教授，人家玩一辈子原神也不用为生活发愁，想想自己只是一个可笑的🐭罢了，啥也没有还天天玩，学习也一塌糊涂靠作弊过考试，真的想re了…
人和人的差距真的很悲哀  	气人有笑人无罢了
人和人的差距真的很悲哀  	还不是你不努力
人和人的差距真的很悲哀  	re什么，revolution吗？
人和人的差距真的很悲哀  	一下没了4楼，太哈人了
人和人的差距真的很悲哀  	王侯将相宁有种乎
人和人的差距真的很悲哀  	我还遇到有农村的感恩以前地主呢😅，爷晕了
人和人的差距真的很悲哀  	穷有穷的活法，富有富的活法。
人和人的差距真的很悲哀  	😭😭😭😭😭😭😭😭😭
人和人的差距真的很悲哀  	宁就是我？😭😭😭😭😭😭😭
人和人的差距真的很悲哀  	run了
人和人的差距真的很悲哀  	哈人
最近大家有没有遇到这种问题  	就是帖子或回复被屏蔽和删除的机率大大增加了，发一个很正常的回复或者帖子都有可能被屏蔽，被删掉。前几天还没有这样的，我是被盯上了吗？
最近大家有没有遇到这种问题  	准备清算了
最近大家有没有遇到这种问题  	跟推特学的，说不过就封号删号
最近大家有没有遇到这种问题  	夜死
最近大家有没有遇到这种问题  	随便说句话都要没
最近大家有没有遇到这种问题  	这些朋友的言论都被吞了
最近大家有没有遇到这种问题  	确实，我有天不小心看了眼被删，基本90%被删，我还纳闷怎么无人问津，结果我直接单机贴吧
最近大家有没有遇到这种问题  	确实，我有天不小心看了眼被删，基本90%被删，我还纳闷怎么无人问津，结果我直接单机贴吧
最近大家有没有遇到这种问题  	这个时候你得减少发帖频率了，这种情况只要吧一炸，你号肯定就没了，这是我在实践中总结的经验
最近大家有没有遇到这种问题  	多发这个你脚下的这片热土拥有世界第一公路里程13.1万公里拥有世界第一高铁里程2.2万公里拥有世界第一光缆里程3041万公里拥有世界第一移动支付金额208万亿拥有世界第一的人才资源1.75亿人拥有世界第一发明申请量＞100万拥有世界第一年均脱贫量1391万人拥有世界第二科研费用1.57万亿拥有世界第一的架桥技术拥有世界第一的巨型水电站建设技术拥有世界第一的高原铁路建设技术拥有世界第一的量子通讯技术拥有世界第一的高铁及动车建造技术拥有世界第一的特高压输电技术拥有世界第一的激光技术拥有世界第一的超级计算机技术拥有世界第一的陶瓷生产技术世界前10斜拉桥中国占7座世界10个超大港口中国占7个世界前10悬索桥中国占6个GDP超过万亿的城市中国占12个中国目前城镇化已达到57.35％这就是你的祖国，这就是你的家有五星红旗飘扬的地方，就是家的地方那个曾经被视为落后腐朽代名词的中国早已不复返那个曾被视为东亚病夫的中国早已一去不复返那个曾被西方各国随意欺辱的中国早已一去不复返那个曾被各国垄断技术的中国早已一去不复返那个十万青年热血砌出来的钢铁中华将长久傲立于东方中国在国际上面对非难的从容不迫彰显出了大国实力和魄力她正以稳健的步伐迈向一个崭新而辉煌的时代我们爱国人身后都一面红旗，她的名字叫中国🇨🇳
贴吧被渗透得严重  	Association，简称CIA，知名境外势力，经常渗透反对力量进入他国，鼓动暴乱运动
贴吧被渗透得严重  	←人早就不信任你们了，你们这群迫害狂。
属实让它懂完了  	差不多得了
属实让它懂完了  	什么是精神韭菜？？？除了少数人，都是韭菜。这**不会不知道吧？
属实让它懂完了  	他还举出啥例子没啊
属实让它懂完了  	想用保底饭票留住人以便长期的剥削作者，结果反被套路，聪明反被聪明误罢了，什么时候起点能给每个新人作家签约整个这样的合同，再来诉苦吧
属实让它懂完了  	读书读傻了
属实让它懂完了  	老板破产会当什么，他为什么不直接破产？
属实让它懂完了  	请全跪滋笨家当场破产
为什么神神总是这么的自我感觉良好？  	为什么神神总是这么的自我感觉良好？
为什么神神总是这么的自我感觉良好？  	二十四史是什么来着？
为什么神神总是这么的自我感觉良好？  	为什么🐰🐰总是这么的自我感觉良好？
为什么神神总是这么的自我感觉良好？  	我一直都是🐰🐰啊
为什么神神总是这么的自我感觉良好？  	大家都是🐰🐰啊
为什么神神总是这么的自我感觉良好？  	跟我没关系，我是🐰🐰
为什么神神总是这么的自我感觉良好？  	还好我是兔兔
为什么神神总是这么的自我感觉良好？  	为什么你总是自我感觉良好
为什么神神总是这么的自我感觉良好？  	还好我是🐰🐰
为什么神神总是这么的自我感觉良好？  	还好我是🐰🐰
为什么神神总是这么的自我感觉良好？  	其实吧，我是兔兔。
为什么神神总是这么的自我感觉良好？  	跟我没关系，我是🐰🐰
为什么神神总是这么的自我感觉良好？  	因为没上过学
一群nt魔怔了是吧？地级市的交警一把手多少活要处理？能有40  	一群nt魔怔了是吧？地级市的交警一把手多少活要处理？能有40分钟一线执勤这还不是接地气？这是七八十年代的大学生，看看履历，就是从基层一点一点干上来的。20年初调任武汉，很多济南人都舍不得这个好市长。
一群nt魔怔了是吧？地级市的交警一把手多少活要处理？能有40  	蛆只会尬黑是吧
一群nt魔怔了是吧？地级市的交警一把手多少活要处理？能有40  	怎么没人来呢
一群nt魔怔了是吧？地级市的交警一把手多少活要处理？能有40  	把某些人干沉默了
一群nt魔怔了是吧？地级市的交警一把手多少活要处理？能有40  	只会低级黑是这样的
一群nt魔怔了是吧？地级市的交警一把手多少活要处理？能有40  	大部分人只是输出情绪，并不想了解真相
一群nt魔怔了是吧？地级市的交警一把手多少活要处理？能有40  	仕途还是很顺利的，调到武汉做了一年一把手，直接升省部级了。
一群nt魔怔了是吧？地级市的交警一把手多少活要处理？能有40  	因为跟他们没关系
天天穿个逼衣服，是不是想当🔥佛了？明年就抽签选上去。天啊……  	天天穿个逼衣服，是不是想当🔥佛了？明年就抽签选上去。天啊……他真的……太
天天穿个逼衣服，是不是想当🔥佛了？明年就抽签选上去。天啊……  	集美们，开扣！
天天穿个逼衣服，是不是想当🔥佛了？明年就抽签选上去。天啊……  	真尼玛晦气。今晚打牌赢不了我就干了他的亲妈。这个**。******
天天穿个逼衣服，是不是想当🔥佛了？明年就抽签选上去。天啊……  	全员丁真是吧😅
天天穿个逼衣服，是不是想当🔥佛了？明年就抽签选上去。天啊……  	woc，你是真敢说啊
天天穿个逼衣服，是不是想当🔥佛了？明年就抽签选上去。天啊……  	囬气
天天穿个逼衣服，是不是想当🔥佛了？明年就抽签选上去。天啊……  	😅
天天穿个逼衣服，是不是想当🔥佛了？明年就抽签选上去。天啊……  	别炒了，他爱怎么样怎么样吧
天天穿个逼衣服，是不是想当🔥佛了？明年就抽签选上去。天啊……  	什么吐蕃王😅
天天穿个逼衣服，是不是想当🔥佛了？明年就抽签选上去。天啊……  	我打赌，她公司的其他员工绝壁没胆这么抱她
赢！  	😅
赢！  	本来就是啊，富士康当年还十几连跳那
赢！  	赢了
赢！  	赢
赢！  	东亚三卷差不多得了😅
赢！  	非洲自杀率最低，非洲赢麻了😅
赢！  	他们不了解日本的情况没有调查过，日本经过20年刺泡泡实的多生活保障也高得多
白哥永远滴神  	经典啊！
白哥永远滴神  	直接把房价干到宇宙第一得了
白哥永远滴神  	跟胡锡进一样一样的
白哥永远滴神  	庙堂之上朽木为官，殿陛之间**食禄
白哥永远滴神  	白岩松早就是既得利益者了，不会真以为他屁股正吧😅
白哥永远滴神  	还给我上一个帖子强制整没了，牛
白哥永远滴神  	这位师爷一看就是装糊涂的高手
白哥永远滴神  	烂肉喇叭
白哥永远滴神  	肉的broadcast
白哥永远滴神  	?****呢？人活着不就为了这?你还想怎么滴啊？非要希望我们当个油菜花一样被榨尽最后一滴油成为后浪的肥料?这寄吧谁啊？真nm恶心
白哥永远滴神  	彻底清洗
白哥永远滴神  	远看一条狗，近看白岩松
白哥永远滴神  	这么说有点过分吧？我没考虑过影响吗
白哥永远滴神  	既得利益者的丑恶嘴脸
神圣**帝国=后清=后后金=吼吼鲸  	保皇噹很难不4000+
神圣**帝国=后清=后后金=吼吼鲸  	清狗没有一个无辜的，早该图图了
神圣**帝国=后清=后后金=吼吼鲸  	螨清畜gck
薛定谔的监控  	😅
薛定谔的监控  	我们都有美好的未来
薛定谔的监控  	可不敢wy天眼
看到这个评价我突然明白了  	之前一直好奇为什么去年八角对佐佐子的评价会是那样。直到今天看到这个层主对袁隆平的评价，我突然就明白了。其实佐佐子的那套逻辑模式完全可以用来解构佐佐子自己的叙事。
莫说韩柳擅文才，当时今日俱难挨全闻饿殍全闻叹，满目新贵满目哀  	莫说韩柳擅文才，当时今日俱难挨全闻饿殍全闻叹，满目新贵满目哀倩谁写就经济策，何处乞得惠民才呕心沥血不足惜，浩荡红军已重来
莫说韩柳擅文才，当时今日俱难挨全闻饿殍全闻叹，满目新贵满目哀  	d
莫说韩柳擅文才，当时今日俱难挨全闻饿殍全闻叹，满目新贵满目哀  	d
莫说韩柳擅文才，当时今日俱难挨全闻饿殍全闻叹，满目新贵满目哀  	d
莫说韩柳擅文才，当时今日俱难挨全闻饿殍全闻叹，满目新贵满目哀  	我且和一首：治乱常理微亦昭，江山世代显英豪。神狙无意围全网，北马有心入大牢。辩经应就思时弊，吟诗不敢轻民谣。谁人佯问当今计，回首却捧前代高。
莫说韩柳擅文才，当时今日俱难挨全闻饿殍全闻叹，满目新贵满目哀  	真不知道三界六道有什么值得贪念的
莫说韩柳擅文才，当时今日俱难挨全闻饿殍全闻叹，满目新贵满目哀  	然后呢
莫说韩柳擅文才，当时今日俱难挨全闻饿殍全闻叹，满目新贵满目哀  	拿欣钟国和这些比？
莫说韩柳擅文才，当时今日俱难挨全闻饿殍全闻叹，满目新贵满目哀  	＋3
莫说韩柳擅文才，当时今日俱难挨全闻饿殍全闻叹，满目新贵满目哀  	d
莫说韩柳擅文才，当时今日俱难挨全闻饿殍全闻叹，满目新贵满目哀  	d
莫说韩柳擅文才，当时今日俱难挨全闻饿殍全闻叹，满目新贵满目哀  	我也和一首严冬又多鬼迷魂，大圣呼苦小猴身。不辞世界传炬火，要往庙堂斩蛇神。蓄志待时力方小，夺旗换日酒尚温。教员回首应笑慰，屠龙自有后来人。
我已经麻了  	临沂的人真处不了
我已经麻了  	精神卫生是什么？
我已经麻了  	test
我已经麻了  	雷电法王
我已经麻了  	魔幻年代
我已经麻了  	雷电法王
我已经麻了  	这个“人”怎么还在
我已经麻了  	电麻了
我已经麻了  	雷电法王复出了是吧😅
我已经麻了  	这个家伙还没倒？
我已经麻了  	test
我已经麻了  	😅
老哥们细说怎么才能不挂科。分享一下经验。  	这学期烂完了，因为一些小事导致不想听课，一学期都没什么状态，马上期末了，不知道怎么才能过。
老哥们细说怎么才能不挂科。分享一下经验。  	这学期不还有一个多月吗
老哥们细说怎么才能不挂科。分享一下经验。  	学
老哥们细说怎么才能不挂科。分享一下经验。  	南大？南大应该没有期末划重点这种说法吧，现在开始恶补吧
老哥们细说怎么才能不挂科。分享一下经验。  	真想挂科也很难吧，原始分可能很难看，最后还是会调一手的。只要跟着老师学了一般都挂不了的，而且大部分老师都知道本科生压力比较大，P/F的一般就过了，记成绩也有B或者C了。
老哥们细说怎么才能不挂科。分享一下经验。  	不逃课，基本不会挂科。反正我挂的科都是我作死逃课的。挂了4门英语。最后花钱过得
怎么会事呢？  	留美预备学校
怎么会事呢？  	就是这么回事，八联里只有米国觉得这钱不能带回去，在种花投资建了大学铁路医院
怎么会事呢？  	本来就是啊
怎么会事呢？  	你火星了😅
怎么会事呢？  	留美预备学堂
怎么会事呢？  	没上过初中是吧😅
怎么会事呢？  	不会吧，还有人不知道清华大学的来历？
怎么会事呢？  	相比于其他国家直接拿钱，美国人才是最精的，把中国的钱拿来修培养留美人才
怎么会事呢？  	一直都是啊
怎么会事呢？  	你刚穿越回现代吗？
怎么会事呢？  	清华不一直是留美预备学堂吗？
怎么会事呢？  	当年赔款，赔多了。老霉讲契约精神，准备退掉那部分，但是又担心大Q的姥爷们贪，就拿这笔钱建了这个大学。清:指清镇fu，华:指华盛顿镇fu
怎么会事呢？  	现在不是？
怎么会事呢？  	醒醒大清亡了
赢麻了，兄弟们，这次真的赢了  	这新闻目的是宣传的读书的重要性吗
赢麻了，兄弟们，这次真的赢了  	我被吞好多次评论了
赢麻了，兄弟们，这次真的赢了  	wc怎么没了
赢麻了，兄弟们，这次真的赢了  	书名都这么刻意的吗
赢麻了，兄弟们，这次真的赢了  	书也要读对书啊，手机也能看书啊
赢麻了，兄弟们，这次真的赢了  	假的，读书哪有纯真重要。你读了书有顶针赚得多吗
赢麻了，兄弟们，这次真的赢了  	一眼真
赢麻了，兄弟们，这次真的赢了  	读书有纯真重要吗
赢麻了，兄弟们，这次真的赢了  	懂了，读书的都在地铁。不读书的都开bba是吧
赢麻了，兄弟们，这次真的赢了  	百万摆拍🤗
赢麻了，兄弟们，这次真的赢了  	懂了，读书的八点挤地铁，不读书的十点走路上班
赢麻了，兄弟们，这次真的赢了  	今天不是世界读书日吗🤗😅
赢麻了，兄弟们，这次真的赢了  	我在上海十号线摔过两次，相比其他线而言十号线算是比较晃的。而且早高峰人一点都不比二号线的少。你看书？看个锤子看
这里是白岩松的真爱打卡楼  	今天也是爱松哥的一天嗷
这里是白岩松的真爱打卡楼  	很喜欢松哥说的一句话：不会吧
这里是白岩松的真爱打卡楼  	岩松割割❤～
这里是白岩松的真爱打卡楼  	不会吧不会吧
这里是白岩松的真爱打卡楼  	这傻软怎么还不死，不会吧不会吧
这里是白岩松的真爱打卡楼  	一个有着莫名优越感的肉喇叭，还总爱紧锁眉头扮演社会良心。
这里是白岩松的真爱打卡楼  	松子哥が好きだよ
这里是白岩松的真爱打卡楼  	不会吧不会吧不会吧
这里是白岩松的真爱打卡楼  	不会吧
这里是白岩松的真爱打卡楼  	他以后就是我的人生导师
这里是白岩松的真爱打卡楼  	晦气
大家注意了啊！全体看我！我宣布个事儿！  	五四一百年了啊！
大家注意了啊！全体看我！我宣布个事儿！  	五四七十年了啊
真的有人为了证明吃几碗凉粉画肚子啊  	扪心自问，我做不到
哈哈被zbj压榨了25小时刚刚睡醒😅  	哈哈被zbj压榨了25小时刚刚睡醒😅
哈哈被zbj压榨了25小时刚刚睡醒😅  	凭空生成一个小时是吧😅😅😅
努力，永不过时的命题！  	奋斗逼
努力，永不过时的命题！  	努力也看不到头，何况努力也不是说说而已
努力，永不过时的命题！  	光说努力不谈回报
努力，永不过时的命题！  	彻底清洗
努力，永不过时的命题！  	努力到活不到65，领不到退休金
努力，永不过时的命题！  	十贴九删
努力，永不过时的命题！  	努力不一定会成功，但躺平一定会舒服
努力，永不过时的命题！  	什么叫努力呢？如此模糊的一个东西，如果你一直不能成功可以说你一直不努力吗？
努力，永不过时的命题！  	不会吧，不会吧，不会吧
努力，永不过时的命题！  	确实有的时候该努力。但是努力到前方一片黑暗，我努力个什么劲。
努力，永不过时的命题！  	不努力可以！！其实有很多人从出生到死亡，从来就没有需要努力过！！！但是，它们不会跳出来说，自己早就躺在终点等死！你在起点就躺平，那干脆不要跑了，大家散伙？？？
撤硕成分查  	贴一张名图
撤硕成分查  	没有带？😡
撤硕成分查  	能有这么多←？我一看还以为深深大本营了
撤硕成分查  	点左的不会都是网左吧
撤硕成分查  	分析的挺不错，这是一个人做的？挺有水平。
撤硕成分查  	有很多→以为自己是←，这些人在接触了街机理论后要么信念崩溃，变成魔怔←，要么信念崩溃变成极→。归根到底想得太多学得太少
撤硕成分查  	我在煎鱼煎豆子怎么说？发帖换积分
撤硕成分查  	我一直都是清华人啊
撤硕成分查  	女⭕实在是强，自带所有团体的强势属性，惹不起。
撤硕成分查  	哈哈，神神擅长精神胜利法，你是在影射谁啊
如果是，东方大国被踢出结算体系会怎么杨  	🦢怎么了？
如果是，东方大国被踢出结算体系会怎么杨  	那就太好了
如果是，东方大国被踢出结算体系会怎么杨  	有那么多廉价又勤劳的工人嘛?说这话那感觉。哇，挺可悲的。
如果是，东方大国被踢出结算体系会怎么杨  	鹅爹😭😭😭我的鹅爹😭😭😭
如果是，东方大国被踢出结算体系会怎么杨  	社会矛盾进一步激化
如果是，东方大国被踢出结算体系会怎么杨  	跟朝鲜伊朗俄罗斯非洲亲兄弟们组联盟
如果是，东方大国被踢出结算体系会怎么杨  	自魔怔人里根上台断了欧洲和苏联贸易之后，制造业就不可逆的向东亚转移了。我特别喜欢懂贼的一句话“疫情有助于制造业回流美国”。
如果是，东方大国被踢出结算体系会怎么杨  	参考伊朗，委瑞内拉
如果是，东方大国被踢出结算体系会怎么杨  	父慈子孝
如果是，东方大国被踢出结算体系会怎么杨  	那美元可买的东西可不多了
如果是，东方大国被踢出结算体系会怎么杨  	那就掀桌子，彻底开干
如果是，东方大国被踢出结算体系会怎么杨  	彻底清洗
如果是，东方大国被踢出结算体系会怎么杨  	目前还不太可能，勾兑的太深
如果是，东方大国被踢出结算体系会怎么杨  	苦死一帮鼠人。
怎么评价  	初心是好的，安全最重要
怎么评价  	出发点没问题，就是方式怪怪的，这玩意儿应该用来吊资本家啊
怎么评价  	😅沒有爭議
怎么评价  	土木🐶4000+
怎么评价  	什么绞刑架
怎么评价  	还不如查到一次罚100块钱有威慑力
怎么评价  	太哈人了，这是种植园吧
怎么评价  	工地保安全很重要，但是搞这种惩罚，安全员官瘾可能有点上头了
怎么评价  	？安全员是个几把啊，有处罚的资格？
怎么评价  	有些农村人出来干活，你跟他说注意安全，他还不高兴。不理解他们的思维。安全最重要啊。
怎么评价  	跟开远光灯被警察叔叔罚站看一个道理，都是为了他们和别人好。
怎么评价  	把👷吊在路灯上！
怎么评价  	什么奴隶主
怎么评价  	神友不会连这个都能赢吧
多少有点逆天了  	愿抽象指引我们前进的道路，阿门😇
多少有点逆天了  	对了，这位不是反串，是真逆天
多少有点逆天了  	要素过多，蚌埠住了
多少有点逆天了  	简介偷幻哥的罢了
多少有点逆天了  	逆天了
多少有点逆天了  	吃杨创主拉剩下的
多少有点逆天了  	这不就是幻男的简介吗
多少有点逆天了  	都被你缝完了😅
多少有点逆天了  	buff拉满是吧
多少有点逆天了  	逆天
多少有点逆天了  	弑神buff
多少有点逆天了  	猿批差不多得了😆😅
多少有点逆天了  	这，像个战神。
同志萌，都去帮帮他  	兄弟萌，都顶一顶啊
同志萌，都去帮帮他  	山细乱的狠，很多振幅不萌都和黑涩会有沟姐，俺就是山细腻。
同志萌，都去帮帮他  	哎！之前去打印的时候也见到一个老人颤巍巍的去复印一份类似的举报的信，哎！
同志萌，都去帮帮他  	谁的封地？王？
同志萌，都去帮帮他  	大家不要冷眼相看啊，能帮一下就帮一下
同志萌，都去帮帮他  	实名举报太可怕辣
同志萌，都去帮帮他  	很难不支持
同志萌，都去帮帮他  	什么软件？
同志萌，都去帮帮他  	去看了下，19年的，估计也被压下来了，活着种花家真的太累了
同志萌，都去帮帮他  	晦氣，本兔兔看不得這種
同志萌，都去帮帮他  	根据美国什么大学来着，美国疫情已经4000万了
同志萌，都去帮帮他  	都去关心美国疫情，谁让你们关心这个？
同志萌，都去帮帮他  	这名字属实是自我定位准确了
同志萌，都去帮帮他  	额
够努力吗？  	不行，不够纯真
够努力吗？  	不行楼主应该把家产分他一半
够努力吗？  	。。。。
够努力吗？  	二楼的还是人吗？他脸都毁容了，还要去嘲讽
够努力吗？  	美化苦难和歌颂苦难是真的把人当傻子
够努力吗？  	一眼🇻🇳
够努力吗？  	太平洋没加盖
够努力吗？  	不够纯真
够努力吗？  	麻了
白人已经必然被“黑穆拉亚”毁灭其文明了吗？  	？？？
白人已经必然被“黑穆拉亚”毁灭其文明了吗？  	先担心下打起来小黄人能撑几个回合吧，世界的未来是黑穆的，拉也许还行，亚很难
白人已经必然被“黑穆拉亚”毁灭其文明了吗？  	互丢核弹以后最大的赢家就是黑
这事没人议一下？  	这事没人议一下？
这事没人议一下？  	个人想法：1、科研人才当狗，2、娱乐希子当神，3、管燎把握学术话语。结果：“又”一次台上人唱着心碎离别歌，台下人看着仍是旧颜色（唱出来唱出来）
这事没人议一下？  	。
这事没人议一下？  	呵呵
这事没人议一下？  	钱的密码
这事没人议一下？  	针是💊
这事没人议一下？  	赚研究经费而已
这事没人议一下？  	不会真有人在清华吧讨论清华吧
这事没人议一下？  	不可能成的，国内跟凝聚态半导体研究相关的基本上都是骗经费的
这事没人议一下？  	赚科研经费不香吗，反正都在比烂
这事没人议一下？  	学完不跑到美国就算成功
这事没人议一下？  	都懂
这事没人议一下？  	哦，所以要求的经费多少？
这事没人议一下？  	赶英超美
这事没人议一下？  	多开心
承认问题才能教育好孩子  	视频来自：百度贴吧
果然，澳大利亚钢铁是好事  	煤炭期货手续费涨了，震怒，PRC误我
为什么感觉玩微信的蒻智比较多  	为什么感觉玩微信的蒻智比较多
为什么感觉玩微信的蒻智比较多  	那你赶紧卸载了啊
为什么感觉玩微信的蒻智比较多  	玩过你母的也比较多
为什么感觉玩微信的蒻智比较多  	自言自语壬
为什么感觉玩微信的蒻智比较多  	你能说出这句话了，那说明你也是五十步笑百步了
怎么连深深都不同情小偷了  	我还觉得比二马强多了的啊
怎么连深深都不同情小偷了  	走投无路
怎么连深深都不同情小偷了  	相反，老板们的欲望无底洞，却不缺粉丝。。
看看人家怎么说的  	只会抱怨有什么用
看看人家怎么说的  	不会吧
看看人家怎么说的  	和那个九成工人自愿降薪的真是呼应😅
看看人家怎么说的  	你信吗？
看看人家怎么说的  	不会吧
看看人家怎么说的  	需要教员的书可以进我主页帖子获取
看看人家怎么说的  	😅
看看人家怎么说的  	真狗币
看看人家怎么说的  	国内房价和他没关系了，run了
如何评价海员职业  	如何评价海员职业
如何评价海员职业  	什么大逃杀
如何评价海员职业  	什么钓鱿船
如何评价海员职业  	美元吧，不然谁他妈给你卖命
如何评价海员职业  	大连海事轮机毕业去上船当三管一个月3600💲
如何评价海员职业  	其次是油轮不过油轮很累
如何评价海员职业  	工资很高但却没人想干。海员是一群被遗忘被忽视的人。危险性高，社会地位低，环境狭小封闭孤单压抑，跟社会严重脱节。常年漂在海上全球到处跑，没老婆的话还好，有老婆的话，想象一下隔壁老王住着你的房睡着你的床玩着你的老婆...
如何评价海员职业  	海员属于高薪职业，还可以，人家这里是美金
如何评价海员职业  	隐居老哥争着报名
如何评价海员职业  	快进到吃鸡
如果神给你一个机会改变自己，你怎么选择？  	不改变自己。
如果神给你一个机会改变自己，你怎么选择？  	1.重开到你理想社会的一个中产家庭，天生有完美健康的身体和容貌，忘记前生一切与痛苦相关的记忆。
如果神给你一个机会改变自己，你怎么选择？  	变成一个畸形怪物，可以顶一个营，但寿命只有一年，并每天被身体崩坏的剧痛折磨。
如果神给你一个机会改变自己，你怎么选择？  	不改变自己。
如果神给你一个机会改变自己，你怎么选择？  	要是顶一个集团军我就变怪物
如果神给你一个机会改变自己，你怎么选择？  	你什么意思！你发这些东西有什么目的！
如果神给你一个机会改变自己，你怎么选择？  	不想改变了，重开就麻木了
如果神给你一个机会改变自己，你怎么选择？  	倾向性太强
如果神给你一个机会改变自己，你怎么选择？  	重生有什么好的，灰飞烟灭才是好事。
如果神给你一个机会改变自己，你怎么选择？  	我就佩服神曲的自信，总是觉得自己有机会run，肯定可以run到生活好的国家，总是觉得自己有机会重开，一定可以重开到幸福家庭，你们比🐰🐰自信多了，🐰🐰都不敢大白天的做这种梦
如果神给你一个机会改变自己，你怎么选择？  	可以顶核弹我就选，寿命一周都行
